<?xml version="1.0" encoding="UTF-8"?><rss version="2.0"
	xmlns:content="http://purl.org/rss/1.0/modules/content/"
	xmlns:dc="http://purl.org/dc/elements/1.1/"
	xmlns:atom="http://www.w3.org/2005/Atom"
	xmlns:sy="http://purl.org/rss/1.0/modules/syndication/"
	
	>
<channel>
	<title>
	Comments on: Microsoft AI Releases OmniParser Model on HuggingFace:	</title>
	<atom:link href="/2024/11/13/microsoft-ai-releases-omniparser-model-on-huggingface-a-compact-screen-parsing-module-that-can-convert-ui-screenshots-into-structured-elements/feed/" rel="self" type="application/rss+xml" />
	<link>/2024/11/13/microsoft-ai-releases-omniparser-model-on-huggingface-a-compact-screen-parsing-module-that-can-convert-ui-screenshots-into-structured-elements/</link>
	<description></description>
	<lastBuildDate>Wed, 13 Nov 2024 15:50:45 +0000</lastBuildDate>
	<sy:updatePeriod>
	hourly	</sy:updatePeriod>
	<sy:updateFrequency>
	1	</sy:updateFrequency>
	<generator>https://wordpress.org/?v=6.6.2</generator>
</channel>
</rss>
